,start,stop,avg,area
0,2019-11-28 09:30:06.000,2019-11-28 09:30:09.100,11.485588235294117,390.51000000000016
1,2019-11-28 09:30:16.900,2019-11-28 09:30:22.000,12.900909090909094,709.5500000000001
2,2019-11-28 09:30:29.300,2019-11-28 09:30:32.400,11.557142857142857,404.50000000000006
3,2019-11-28 09:30:40.300,2019-11-28 09:30:45.000,15.160000000000004,788.3199999999999
4,2019-11-28 09:31:10.900,2019-11-28 09:31:13.900,10.538611111111114,379.38999999999993
5,2019-11-28 09:31:21.800,2019-11-28 09:31:26.900,14.505178571428573,812.2899999999996
6,2019-11-28 09:31:34.500,2019-11-28 09:31:37.500,10.389444444444443,374.0199999999999
7,2019-11-28 09:31:45.400,2019-11-28 09:31:50.000,16.258490566037736,861.6999999999995
8,2019-11-28 09:32:15.400,2019-11-28 09:32:18.900,12.125897435897436,472.90999999999974
9,2019-11-28 09:32:26.200,2019-11-28 09:32:31.700,15.152241379310343,878.8299999999999
10,2019-11-28 09:32:38.900,2019-11-28 09:32:42.300,13.52189189189189,500.31000000000006
11,2019-11-28 09:32:49.900,2019-11-28 09:32:54.600,13.353137254901961,681.0099999999999
12,2019-11-28 09:33:20.500,2019-11-28 09:33:23.800,12.010555555555555,432.3800000000002
13,2019-11-28 09:33:31.700,2019-11-28 09:33:37.000,13.594166666666665,815.6499999999999
14,2019-11-28 09:33:44.100,2019-11-28 09:33:47.200,12.245675675675676,453.09000000000003
15,2019-11-28 09:33:55.200,2019-11-28 09:33:59.900,14.88924528301887,789.1300000000002
16,2019-11-28 09:34:25.200,2019-11-28 09:34:28.500,10.250000000000004,369.0000000000002
17,2019-11-28 09:34:36.400,2019-11-28 09:34:42.100,13.316833333333337,799.0099999999995
18,2019-11-28 09:34:49.000,2019-11-28 09:34:52.400,11.418333333333331,411.0600000000003
19,2019-11-28 09:34:59.700,2019-11-28 09:35:04.900,10.670166666666665,640.2099999999997
20,2019-11-28 09:35:30.400,2019-11-28 09:35:33.400,11.602727272727272,382.89000000000016
21,2019-11-28 09:35:41.400,2019-11-28 09:35:46.400,16.24375,909.6499999999999
22,2019-11-28 09:35:53.900,2019-11-28 09:35:57.300,11.044054054054053,408.62999999999965
23,2019-11-28 09:36:04.900,2019-11-28 09:36:09.900,14.150181818181817,778.2600000000001
24,2019-11-28 09:36:35.000,2019-11-28 09:36:38.500,13.9385,557.54
25,2019-11-28 09:36:46.400,2019-11-28 09:36:51.500,13.31694915254237,785.6999999999999
26,2019-11-28 09:36:58.800,2019-11-28 09:37:02.300,11.87,474.7999999999997
27,2019-11-28 09:37:09.900,2019-11-28 09:37:14.700,15.004912280701754,855.2799999999994
28,2019-11-28 09:37:40.000,2019-11-28 09:37:43.400,9.716315789473686,369.2200000000003
29,2019-11-28 09:37:51.200,2019-11-28 09:37:56.200,14.85701754385965,846.8499999999998
30,2019-11-28 09:38:04.100,2019-11-28 09:38:06.800,9.929032258064515,307.79999999999995
31,2019-11-28 09:38:14.700,2019-11-28 09:38:19.500,15.38403846153846,799.97
32,2019-11-28 09:38:48.200,2019-11-28 09:38:51.100,14.801562500000003,473.64999999999986
33,2019-11-28 09:38:58.600,2019-11-28 09:39:04.200,16.287999999999997,977.2799999999997
34,2019-11-28 09:39:11.900,2019-11-28 09:39:14.800,11.031935483870969,341.9899999999999
35,2019-11-28 09:39:22.200,2019-11-28 09:39:27.400,12.328166666666668,739.6899999999997
36,2019-11-28 09:39:50.000,2019-11-28 09:39:53.000,10.899714285714287,381.4900000000001
37,2019-11-28 09:40:01.100,2019-11-28 09:40:05.900,15.76625,882.91
38,2019-11-28 09:40:13.200,2019-11-28 09:40:16.900,12.26720930232558,527.4899999999998
39,2019-11-28 09:40:24.200,2019-11-28 09:40:29.200,17.34517857142857,971.3299999999999
40,2019-11-28 09:40:55.400,2019-11-28 09:40:58.500,12.454594594594594,460.82
41,2019-11-28 09:41:05.900,2019-11-28 09:41:11.400,16.603728813559325,979.6199999999994
42,2019-11-28 09:41:18.800,2019-11-28 09:41:21.700,11.160588235294119,379.4600000000001
43,2019-11-28 09:41:29.600,2019-11-28 09:41:34.300,15.24185185185185,823.0599999999998
44,2019-11-28 09:42:00.300,2019-11-28 09:42:03.200,10.057647058823527,341.96000000000004
45,2019-11-28 09:42:10.800,2019-11-28 09:42:15.900,16.86689655172414,978.2800000000003
46,2019-11-28 09:42:23.800,2019-11-28 09:42:26.800,10.192941176470587,346.55999999999995
47,2019-11-28 09:42:34.200,2019-11-28 09:42:39.500,15.11186440677966,891.6000000000001
48,2019-11-28 09:43:04.900,2019-11-28 09:43:07.700,9.76470588235294,332.0
49,2019-11-28 09:43:16.000,2019-11-28 09:43:21.000,12.69388888888889,685.4700000000005
50,2019-11-28 09:43:28.100,2019-11-28 09:43:31.500,11.132162162162162,411.8899999999999
51,2019-11-28 09:43:38.900,2019-11-28 09:43:44.300,12.883666666666667,773.0200000000003
52,2019-11-28 09:44:09.800,2019-11-28 09:44:13.100,10.208421052631579,387.91999999999996
53,2019-11-28 09:44:20.800,2019-11-28 09:44:25.500,14.663962264150944,777.1899999999996
54,2019-11-28 09:44:33.400,2019-11-28 09:44:36.100,10.863870967741935,336.78
55,2019-11-28 09:44:44.100,2019-11-28 09:44:49.000,14.348545454545455,789.1699999999998
56,2019-11-28 09:45:14.400,2019-11-28 09:45:17.800,13.432972972972975,497.02000000000027
57,2019-11-28 09:45:25.600,2019-11-28 09:45:31.000,16.66017543859649,949.6299999999992
58,2019-11-28 09:45:38.100,2019-11-28 09:45:41.000,12.5003125,400.01000000000005
59,2019-11-28 09:45:49.000,2019-11-28 09:45:53.500,12.906999999999998,645.3499999999996
60,2019-11-28 09:46:19.200,2019-11-28 09:46:22.200,10.539393939393937,347.80000000000007
61,2019-11-28 09:46:29.900,2019-11-28 09:46:35.100,14.803448275862067,858.5999999999996
62,2019-11-28 09:46:42.500,2019-11-28 09:46:46.100,11.02131578947369,418.81000000000023
63,2019-11-28 09:46:53.800,2019-11-28 09:46:58.300,15.308600000000002,765.4300000000001
64,2019-11-28 09:47:24.600,2019-11-28 09:47:27.800,11.63277777777778,418.7800000000001
65,2019-11-28 09:47:35.500,2019-11-28 09:47:40.700,14.580689655172415,845.6800000000005
66,2019-11-28 09:47:47.900,2019-11-28 09:47:51.000,11.74918918918919,434.7200000000002
67,2019-11-28 09:47:59.000,2019-11-28 09:48:03.600,16.330192307692304,849.1699999999993
68,2019-11-28 09:48:29.400,2019-11-28 09:48:32.500,11.063714285714285,387.22999999999973
69,2019-11-28 09:48:40.200,2019-11-28 09:48:45.300,14.916491228070173,850.2400000000004
70,2019-11-28 09:48:53.000,2019-11-28 09:48:55.800,10.824666666666666,324.7400000000001
71,2019-11-28 09:49:03.200,2019-11-28 09:49:08.200,15.136727272727269,832.5199999999995
72,2019-11-28 09:49:34.000,2019-11-28 09:49:37.400,10.904749999999998,436.18999999999977
73,2019-11-28 09:49:45.000,2019-11-28 09:49:50.100,14.196666666666665,809.2100000000003
74,2019-11-28 09:49:57.500,2019-11-28 09:50:00.900,9.576578947368423,363.9100000000003
75,2019-11-28 09:50:08.800,2019-11-28 09:50:13.300,16.3108,815.5400000000002
76,2019-11-28 09:50:38.900,2019-11-28 09:50:42.400,11.765365853658537,482.37999999999994
77,2019-11-28 09:50:49.900,2019-11-28 09:50:55.000,14.668947368421053,836.1300000000001
78,2019-11-28 09:51:02.800,2019-11-28 09:51:06.100,12.177297297297295,450.55999999999995
79,2019-11-28 09:51:13.600,2019-11-28 09:51:18.300,14.506730769230767,754.3499999999998
80,2019-11-28 09:51:43.500,2019-11-28 09:51:46.900,15.873157894736838,603.1800000000001
81,2019-11-28 09:51:54.600,2019-11-28 09:51:59.800,15.222105263157895,867.6599999999995
82,2019-11-28 09:52:07.600,2019-11-28 09:52:10.400,13.073333333333332,431.4199999999998
83,2019-11-28 09:52:18.300,2019-11-28 09:52:22.900,14.158627450980394,722.09
84,2019-11-28 09:52:48.500,2019-11-28 09:52:51.700,12.044594594594592,445.64999999999975
85,2019-11-28 09:52:59.500,2019-11-28 09:53:04.300,13.798846153846153,717.5399999999996
86,2019-11-28 09:53:12.100,2019-11-28 09:53:15.100,11.869411764705884,403.56000000000006
87,2019-11-28 09:53:22.900,2019-11-28 09:53:27.800,15.139629629629631,817.5399999999998
88,2019-11-28 10:16:37.500,2019-11-28 10:16:40.700,11.200833333333332,403.2299999999999
89,2019-11-28 10:16:48.500,2019-11-28 10:16:53.900,14.542241379310344,843.4499999999997
90,2019-11-28 10:17:01.200,2019-11-28 10:17:04.300,11.539428571428568,403.8799999999998
91,2019-11-28 10:17:11.700,2019-11-28 10:17:16.800,17.63854545454545,970.1199999999999
92,2019-11-28 10:17:42.800,2019-11-28 10:17:45.900,11.745454545454546,387.60000000000014
93,2019-11-28 10:17:53.500,2019-11-28 10:17:58.800,16.130714285714287,903.3199999999999
94,2019-11-28 10:18:06.400,2019-11-28 10:18:09.500,11.272121212121213,371.98
95,2019-11-28 10:18:16.900,2019-11-28 10:18:22.000,16.46574074074074,889.1500000000003
96,2019-11-28 10:18:47.700,2019-11-28 10:18:51.000,9.94189189189189,367.84999999999997
97,2019-11-28 10:18:58.700,2019-11-28 10:19:03.800,13.756181818181819,756.59
98,2019-11-28 10:19:11.000,2019-11-28 10:19:14.100,12.162222222222221,437.83999999999975
99,2019-11-28 10:19:22.200,2019-11-28 10:19:27.000,11.774074074074072,635.7999999999992
100,2019-11-28 10:19:52.300,2019-11-28 10:19:56.000,9.918292682926829,406.6499999999998
101,2019-11-28 10:20:03.700,2019-11-28 10:20:08.500,15.848076923076926,824.1000000000003
102,2019-11-28 10:20:15.700,2019-11-28 10:20:18.900,13.904324324324325,514.4599999999998
103,2019-11-28 10:20:27.100,2019-11-28 10:20:31.600,13.65294117647059,696.3000000000006
104,2019-11-28 10:20:57.700,2019-11-28 10:21:01.000,9.299210526315795,353.3700000000001
105,2019-11-28 10:21:08.200,2019-11-28 10:21:13.500,15.269827586206896,885.6500000000001
106,2019-11-28 10:21:20.900,2019-11-28 10:21:24.000,13.334411764705882,453.3700000000002
107,2019-11-28 10:21:32.200,2019-11-28 10:21:36.700,13.259795918367347,649.7299999999994
108,2019-11-28 10:22:02.600,2019-11-28 10:22:06.000,10.679210526315787,405.8099999999998
109,2019-11-28 10:22:13.800,2019-11-28 10:22:18.600,16.13307692307692,838.9200000000004
110,2019-11-28 10:22:26.300,2019-11-28 10:22:29.500,10.620285714285714,371.7099999999999
111,2019-11-28 10:22:37.000,2019-11-28 10:22:42.000,15.747037037037035,850.3399999999998
112,2019-11-28 10:23:07.600,2019-11-28 10:23:10.800,10.406216216216219,385.03
113,2019-11-28 10:23:18.600,2019-11-28 10:23:23.500,13.139090909090907,722.65
114,2019-11-28 10:23:31.100,2019-11-28 10:23:34.300,12.591081081081079,465.8699999999999
115,2019-11-28 10:23:42.100,2019-11-28 10:23:47.000,13.912545454545452,765.1900000000002
116,2019-11-28 10:24:12.900,2019-11-28 10:24:16.000,9.195405405405406,340.22999999999996
117,2019-11-28 10:24:23.300,2019-11-28 10:24:28.700,15.453666666666665,927.2200000000006
118,2019-11-28 10:24:36.200,2019-11-28 10:24:39.200,11.80411764705882,401.3400000000001
119,2019-11-28 10:24:47.000,2019-11-28 10:24:52.200,14.883571428571429,833.4799999999998
120,2019-11-28 10:25:17.800,2019-11-28 10:25:20.400,10.712142857142855,299.94000000000005
121,2019-11-28 10:25:28.600,2019-11-28 10:25:33.400,16.539607843137254,843.5200000000002
122,2019-11-28 10:25:41.100,2019-11-28 10:25:44.000,11.220882352941178,381.50999999999993
123,2019-11-28 10:25:51.500,2019-11-28 10:25:57.200,12.427419354838706,770.4999999999998
124,2019-11-28 10:26:23.000,2019-11-28 10:26:25.500,9.498333333333335,284.95000000000005
125,2019-11-28 10:26:34.200,2019-11-28 10:26:38.600,15.011489361702127,705.5399999999998
126,2019-11-28 10:26:46.000,2019-11-28 10:26:48.900,14.936969696969697,492.92
127,2019-11-28 10:26:56.700,2019-11-28 10:27:01.600,15.65830188679245,829.8900000000002
128,2019-11-28 10:27:27.300,2019-11-28 10:27:30.800,13.20794871794872,515.11
129,2019-11-28 10:27:38.300,2019-11-28 10:27:44.200,14.58412698412698,918.7999999999993
130,2019-11-28 10:27:50.800,2019-11-28 10:27:54.100,11.960256410256415,466.45000000000016
131,2019-11-28 10:28:01.900,2019-11-28 10:28:06.700,13.25596153846154,689.3100000000002
132,2019-11-28 10:28:32.400,2019-11-28 10:28:35.700,12.225135135135133,452.3300000000001
133,2019-11-28 10:28:43.300,2019-11-28 10:28:49.000,13.347666666666669,800.8600000000001
134,2019-11-28 10:28:56.200,2019-11-28 10:28:59.200,10.286060606060605,339.4399999999998
135,2019-11-28 10:29:06.800,2019-11-28 10:29:11.800,15.655535714285715,876.71
136,2019-11-28 10:29:37.400,2019-11-28 10:29:40.700,12.534864864864863,463.78999999999996
137,2019-11-28 10:29:48.400,2019-11-28 10:29:53.900,13.448688524590168,820.3700000000009
138,2019-11-28 10:30:00.900,2019-11-28 10:30:04.000,13.245277777777778,476.8299999999999
139,2019-11-28 10:30:11.600,2019-11-28 10:30:16.400,13.336111111111112,720.1500000000004
140,2019-11-28 10:30:42.400,2019-11-28 10:30:45.600,13.29205882352941,451.93
141,2019-11-28 10:30:53.300,2019-11-28 10:30:58.000,16.240784313725488,828.2799999999994
142,2019-11-28 10:31:05.700,2019-11-28 10:31:09.300,9.61390243902439,394.16999999999985
143,2019-11-28 10:31:16.800,2019-11-28 10:31:21.900,10.387719298245617,592.1000000000001
144,2019-11-28 10:31:47.000,2019-11-28 10:31:50.300,11.23891891891892,415.84000000000015
145,2019-11-28 10:31:57.800,2019-11-28 10:32:03.200,14.073793103448276,816.2799999999996
146,2019-11-28 10:32:10.900,2019-11-28 10:32:13.900,10.579999999999998,359.7199999999999
147,2019-11-28 10:32:21.300,2019-11-28 10:32:26.300,14.186851851851852,766.0899999999999
148,2019-11-28 10:32:52.100,2019-11-28 10:32:55.500,11.381621621621623,421.11999999999995
149,2019-11-28 10:33:03.000,2019-11-28 10:33:08.000,18.060000000000006,975.2399999999999
150,2019-11-28 10:33:16.100,2019-11-28 10:33:18.600,11.149642857142856,312.19000000000005
151,2019-11-28 10:33:26.600,2019-11-28 10:33:31.600,13.276071428571429,743.46
152,2019-11-28 10:33:56.700,2019-11-28 10:34:00.400,11.932926829268293,489.25000000000017
153,2019-11-28 10:34:07.800,2019-11-28 10:34:12.700,14.624339622641507,775.09
154,2019-11-28 10:34:20.300,2019-11-28 10:34:23.200,11.925,381.59999999999997
155,2019-11-28 10:34:31.400,2019-11-28 10:34:35.800,14.264893617021277,670.4499999999998
156,2019-11-28 10:35:01.800,2019-11-28 10:35:05.100,11.96361111111111,430.6899999999999
157,2019-11-28 10:35:12.800,2019-11-28 10:35:18.000,15.488392857142859,867.3500000000001
158,2019-11-28 10:35:25.700,2019-11-28 10:35:28.700,9.852857142857141,344.84999999999985
159,2019-11-28 10:35:36.200,2019-11-28 10:35:41.100,14.693207547169811,778.7399999999997
160,2019-11-28 10:36:06.600,2019-11-28 10:36:09.800,13.506176470588237,459.21000000000004
161,2019-11-28 10:36:17.400,2019-11-28 10:36:22.500,15.163035714285714,849.1300000000005
162,2019-11-28 10:36:30.000,2019-11-28 10:36:33.000,12.364545454545455,408.03000000000014
163,2019-11-28 10:36:40.600,2019-11-28 10:36:45.600,16.40509433962264,869.4699999999996
164,2019-11-28 10:37:11.800,2019-11-28 10:37:14.900,10.527027027027028,389.5
165,2019-11-28 10:37:22.800,2019-11-28 10:37:27.700,14.397818181818185,791.8799999999998
166,2019-11-28 10:37:35.700,2019-11-28 10:37:38.500,11.145625,356.65999999999985
167,2019-11-28 10:37:45.700,2019-11-28 10:37:50.800,17.508363636363637,962.9599999999999
168,2019-11-28 10:38:16.800,2019-11-28 10:38:19.900,11.815757575757575,389.92
169,2019-11-28 10:38:27.700,2019-11-28 10:38:32.600,15.3211320754717,812.0200000000001
170,2019-11-28 10:38:40.500,2019-11-28 10:38:43.800,10.51972222222222,378.71000000000004
171,2019-11-28 10:38:51.100,2019-11-28 10:38:56.000,14.504629629629628,783.2499999999999
172,2019-11-28 10:39:22.000,2019-11-28 10:39:25.100,11.870833333333332,427.3499999999999
173,2019-11-28 10:39:32.700,2019-11-28 10:39:38.000,12.212666666666667,732.7599999999999
174,2019-11-28 10:39:45.600,2019-11-28 10:39:48.600,12.205,390.56000000000006
175,2019-11-28 10:39:56.800,2019-11-28 10:40:01.300,13.478235294117649,687.3900000000001
176,2019-11-28 10:40:27.000,2019-11-28 10:40:29.900,11.039090909090909,364.29
177,2019-11-28 10:40:37.800,2019-11-28 10:40:42.700,14.854615384615384,772.4399999999999
178,2019-11-28 10:40:50.400,2019-11-28 10:40:53.700,13.554571428571428,474.4100000000001
179,2019-11-28 10:41:01.700,2019-11-28 10:41:06.100,15.953125,765.7500000000005
180,2019-11-28 10:41:31.900,2019-11-28 10:41:35.700,10.616341463414633,435.27000000000004
181,2019-11-28 10:41:42.900,2019-11-28 10:41:48.100,14.851272727272725,816.82
182,2019-11-28 10:41:55.500,2019-11-28 10:41:58.700,13.299714285714286,465.4899999999999
183,2019-11-28 10:42:06.800,2019-11-28 10:42:11.400,15.695714285714287,769.09
184,2019-11-28 10:42:36.800,2019-11-28 10:42:39.900,10.571944444444442,380.5899999999998
185,2019-11-28 10:42:47.800,2019-11-28 10:42:52.900,15.722037037037039,848.9899999999997
186,2019-11-28 10:43:00.500,2019-11-28 10:43:03.500,12.9821875,415.43
187,2019-11-28 10:43:11.800,2019-11-28 10:43:16.200,16.118541666666665,773.6900000000003
188,2019-11-28 10:43:41.600,2019-11-28 10:43:44.900,10.757631578947368,408.78999999999996
189,2019-11-28 10:43:52.600,2019-11-28 10:43:57.700,14.395471698113209,762.96
190,2019-11-28 10:44:05.400,2019-11-28 10:44:08.600,11.35764705882353,386.1599999999999
191,2019-11-28 10:44:16.000,2019-11-28 10:44:21.000,15.725471698113209,833.4500000000002
192,2019-11-28 10:44:44.000,2019-11-28 10:44:47.300,11.256216216216215,416.48000000000013
193,2019-11-28 10:44:55.000,2019-11-28 10:45:00.000,16.316545454545455,897.4100000000003
194,2019-11-28 10:45:07.700,2019-11-28 10:45:10.700,14.481818181818182,477.9000000000001
195,2019-11-28 10:45:18.500,2019-11-28 10:45:23.600,15.15363636363636,833.4499999999996
196,2019-11-28 10:45:51.600,2019-11-28 10:45:54.900,11.822,413.77
197,2019-11-28 10:46:02.700,2019-11-28 10:46:07.700,15.511111111111111,837.6
198,2019-11-28 10:46:15.200,2019-11-28 10:46:18.500,11.454054054054057,423.8
199,2019-11-28 10:46:26.100,2019-11-28 10:46:31.000,15.585471698113205,826.0299999999997
200,2019-11-28 10:46:56.700,2019-11-28 10:46:59.800,12.36969696969697,408.2
201,2019-11-28 10:47:07.500,2019-11-28 10:47:12.500,15.441785714285714,864.7399999999999
202,2019-11-28 10:47:20.100,2019-11-28 10:47:23.500,11.955135135135134,442.3399999999999
203,2019-11-28 10:47:31.100,2019-11-28 10:47:35.900,15.22518518518519,822.16
204,2019-11-28 10:48:01.300,2019-11-28 10:48:04.600,11.036052631578947,419.37
205,2019-11-28 10:48:12.100,2019-11-28 10:48:17.300,15.177931034482759,880.3199999999994
206,2019-11-28 10:48:24.900,2019-11-28 10:48:27.900,10.711891891891893,396.34
207,2019-11-28 10:48:35.600,2019-11-28 10:48:40.700,13.668793103448277,792.7900000000008
208,2019-11-28 10:49:06.400,2019-11-28 10:49:09.500,11.28,383.52
209,2019-11-28 10:49:17.200,2019-11-28 10:49:22.300,14.812758620689657,859.1400000000003
210,2019-11-28 10:49:29.800,2019-11-28 10:49:32.900,11.541764705882352,392.41999999999996
211,2019-11-28 10:49:40.600,2019-11-28 10:49:45.700,16.078148148148145,868.22
212,2019-11-28 10:50:08.800,2019-11-28 10:50:11.900,12.24030303030303,403.93000000000006
213,2019-11-28 10:50:19.700,2019-11-28 10:50:24.900,13.845263157894738,789.1800000000001
214,2019-11-28 10:50:32.100,2019-11-28 10:50:35.500,10.97179487179487,427.8999999999999
215,2019-11-28 10:50:43.100,2019-11-28 10:50:47.900,16.0774,803.8700000000002
216,2019-11-28 10:51:13.700,2019-11-28 10:51:16.900,12.241142857142856,428.44
217,2019-11-28 10:51:24.800,2019-11-28 10:51:29.800,14.654528301886792,776.6899999999997
218,2019-11-28 10:51:37.300,2019-11-28 10:51:40.700,9.986052631578946,379.4699999999999
219,2019-11-28 10:51:48.000,2019-11-28 10:51:52.900,14.919444444444444,805.6499999999997
220,2019-11-28 10:52:21.700,2019-11-28 10:52:24.500,11.4709375,367.0699999999999
221,2019-11-28 10:52:32.200,2019-11-28 10:52:37.300,14.616140350877194,833.1199999999998
222,2019-11-28 10:52:44.800,2019-11-28 10:52:47.800,10.763428571428571,376.72000000000014
223,2019-11-28 10:52:55.600,2019-11-28 10:53:00.700,13.624745762711866,803.8600000000002
224,2019-11-28 10:53:26.600,2019-11-28 10:53:29.800,12.278857142857143,429.75999999999993
225,2019-11-28 10:53:37.400,2019-11-28 10:53:42.600,15.716428571428569,880.1199999999999
226,2019-11-28 10:53:50.100,2019-11-28 10:53:53.200,11.694411764705883,397.6100000000001
227,2019-11-28 10:54:00.800,2019-11-28 10:54:05.800,17.530545454545457,964.18
228,2019-11-28 10:54:28.900,2019-11-28 10:54:32.000,11.50939393939394,379.81
229,2019-11-28 10:54:39.600,2019-11-28 10:54:44.700,15.273584905660377,809.4999999999998
230,2019-11-28 10:54:52.200,2019-11-28 10:54:55.500,11.350571428571431,397.27000000000004
231,2019-11-28 10:55:03.000,2019-11-28 10:55:08.000,14.976607142857143,838.6899999999997
232,2019-11-28 10:55:36.700,2019-11-28 10:55:39.500,10.5975,339.12000000000006
233,2019-11-28 10:55:47.200,2019-11-28 10:55:52.100,16.25769230769231,845.4000000000004
234,2019-11-28 10:55:59.900,2019-11-28 10:56:02.900,10.657428571428573,373.01000000000005
235,2019-11-28 10:56:10.600,2019-11-28 10:56:15.700,13.653157894736841,778.2300000000002
236,2019-11-28 10:56:38.400,2019-11-28 10:56:41.800,12.562162162162162,464.7999999999999
237,2019-11-28 10:56:49.600,2019-11-28 10:56:54.600,14.587735849056605,773.15
238,2019-11-28 10:57:02.100,2019-11-28 10:57:05.200,12.024999999999999,408.85
239,2019-11-28 10:57:13.000,2019-11-28 10:57:17.900,15.56096153846154,809.1700000000002
240,2019-11-28 10:57:43.800,2019-11-28 10:57:46.900,11.894545454545455,392.5200000000001
241,2019-11-28 10:57:54.700,2019-11-28 10:57:59.700,15.72358490566038,833.3500000000001
242,2019-11-28 10:58:07.000,2019-11-28 10:58:10.700,11.891025641025644,463.75000000000006
243,2019-11-28 10:58:18.300,2019-11-28 10:58:23.000,15.224199999999998,761.2099999999998
244,2019-11-28 10:58:48.600,2019-11-28 10:58:51.700,12.043333333333333,397.4299999999999
245,2019-11-28 10:58:59.600,2019-11-28 10:59:04.500,15.776923076923074,820.3999999999997
246,2019-11-28 10:59:12.100,2019-11-28 10:59:15.100,11.392727272727273,375.96000000000004
247,2019-11-28 10:59:23.000,2019-11-28 10:59:27.900,14.95769230769231,777.8000000000003
248,2019-11-28 10:59:53.300,2019-11-28 10:59:56.700,12.437777777777779,447.7600000000002
249,2019-11-28 11:00:04.500,2019-11-28 11:00:09.500,14.812321428571428,829.4899999999999
250,2019-11-28 11:00:17.000,2019-11-28 11:00:20.200,12.896176470588232,438.4699999999999
251,2019-11-28 11:00:27.900,2019-11-28 11:00:32.700,15.437222222222223,833.61
252,2019-11-28 11:00:58.300,2019-11-28 11:01:01.500,11.731621621621622,434.0700000000001
253,2019-11-28 11:01:09.400,2019-11-28 11:01:14.400,15.304259259259261,826.4299999999997
254,2019-11-28 11:01:21.800,2019-11-28 11:01:24.900,12.480000000000002,436.8
255,2019-11-28 11:01:32.500,2019-11-28 11:01:37.600,13.743392857142856,769.6299999999998
256,2019-11-28 11:02:03.400,2019-11-28 11:02:06.600,10.872162162162164,402.2700000000001
257,2019-11-28 11:02:14.500,2019-11-28 11:02:19.200,14.81169811320755,785.02
258,2019-11-28 11:02:26.600,2019-11-28 11:02:29.900,11.695526315789474,444.42999999999995
259,2019-11-28 11:02:37.700,2019-11-28 11:02:42.400,12.915925925925926,697.46
260,2019-11-28 11:03:08.300,2019-11-28 11:03:11.200,11.309714285714286,395.83999999999986
261,2019-11-28 11:03:19.000,2019-11-28 11:03:24.000,16.026037735849055,849.3800000000002
262,2019-11-28 11:03:31.600,2019-11-28 11:03:34.700,11.735999999999999,410.76000000000005
263,2019-11-28 11:03:42.500,2019-11-28 11:03:47.300,15.87326923076923,825.4099999999997
264,2019-11-28 11:04:12.800,2019-11-28 11:04:16.100,10.629459459459458,393.2899999999999
265,2019-11-28 11:04:23.900,2019-11-28 11:04:28.900,14.910909090909094,820.1000000000003
266,2019-11-28 11:04:36.700,2019-11-28 11:04:39.700,10.501176470588238,357.04
267,2019-11-28 11:04:47.000,2019-11-28 11:04:52.000,15.55290909090909,855.4099999999996
268,2019-11-28 11:05:18.000,2019-11-28 11:05:21.000,12.28,442.08000000000004
269,2019-11-28 11:05:28.600,2019-11-28 11:05:33.800,15.461403508771928,881.2999999999998
270,2019-11-28 11:05:41.600,2019-11-28 11:05:44.400,9.520000000000001,342.72
271,2019-11-28 11:05:51.900,2019-11-28 11:05:57.000,15.26017543859649,869.83
272,2019-11-28 11:06:22.700,2019-11-28 11:06:25.900,11.46914285714286,401.42
273,2019-11-28 11:06:33.700,2019-11-28 11:06:38.700,14.338888888888894,774.3000000000003
274,2019-11-28 11:06:46.100,2019-11-28 11:06:49.200,11.131714285714287,389.61
275,2019-11-28 11:06:56.700,2019-11-28 11:07:01.700,16.640535714285715,931.87
276,2019-11-28 11:07:27.600,2019-11-28 11:07:30.900,10.963513513513512,405.65000000000003
277,2019-11-28 11:07:38.700,2019-11-28 11:07:43.700,15.54037037037037,839.1800000000002
278,2019-11-28 11:07:51.500,2019-11-28 11:07:54.200,10.775757575757575,355.6000000000001
279,2019-11-28 11:08:01.900,2019-11-28 11:08:06.800,15.961296296296295,861.9100000000001
280,2019-11-28 11:08:32.600,2019-11-28 11:08:35.900,10.637179487179488,414.85000000000014
281,2019-11-28 11:08:43.700,2019-11-28 11:08:48.700,15.922830188679242,843.9099999999996
282,2019-11-28 11:08:56.100,2019-11-28 11:08:59.100,11.542222222222223,415.52000000000015
283,2019-11-28 11:09:06.800,2019-11-28 11:09:11.800,16.212321428571425,907.89
284,2019-11-28 11:09:37.500,2019-11-28 11:09:40.900,11.419999999999996,445.37999999999994
285,2019-11-28 11:09:48.400,2019-11-28 11:09:53.500,14.573859649122806,830.7099999999999
286,2019-11-28 11:10:00.900,2019-11-28 11:10:04.000,11.597941176470588,394.33
287,2019-11-28 11:10:11.700,2019-11-28 11:10:16.600,14.64018181818182,805.2100000000005
288,2019-11-28 11:10:42.900,2019-11-28 11:10:46.000,10.82057142857143,378.72
289,2019-11-28 11:10:53.900,2019-11-28 11:10:58.800,16.548461538461538,860.5199999999999
290,2019-11-28 11:11:06.600,2019-11-28 11:11:09.700,10.692857142857143,374.25
291,2019-11-28 11:11:17.400,2019-11-28 11:11:22.400,15.972545454545452,878.4900000000001
292,2019-11-28 11:11:47.500,2019-11-28 11:11:50.700,11.555555555555555,416.0
293,2019-11-28 11:11:58.300,2019-11-28 11:12:03.500,15.720181818181825,864.6100000000005
294,2019-11-28 11:12:11.100,2019-11-28 11:12:14.100,11.049411764705882,375.67999999999984
295,2019-11-28 11:12:21.900,2019-11-28 11:12:26.800,14.646727272727276,805.5700000000003
296,2019-11-28 11:12:52.800,2019-11-28 11:12:55.900,11.964411764705885,406.7899999999999
297,2019-11-28 11:13:03.600,2019-11-28 11:13:08.800,15.419827586206894,894.3500000000001
298,2019-11-28 11:13:16.700,2019-11-28 11:13:19.300,10.597666666666667,317.9300000000001
299,2019-11-28 11:13:27.000,2019-11-28 11:13:32.000,15.316249999999998,857.7100000000002
300,2019-11-28 11:13:57.700,2019-11-28 11:14:01.000,11.314054054054052,418.62000000000006
301,2019-11-28 11:14:08.800,2019-11-28 11:14:13.700,14.425272727272727,793.3900000000001
302,2019-11-28 11:14:21.600,2019-11-28 11:14:24.500,11.985483870967741,371.54999999999995
303,2019-11-28 11:14:32.100,2019-11-28 11:14:37.000,14.649122807017546,835.0
304,2019-11-28 11:15:02.700,2019-11-28 11:15:06.000,13.882777777777777,499.78
305,2019-11-28 11:15:13.900,2019-11-28 11:15:18.900,15.87574074074074,857.2899999999998
306,2019-11-28 11:15:26.700,2019-11-28 11:15:29.500,11.023870967741935,341.74
307,2019-11-28 11:15:37.400,2019-11-28 11:15:42.200,14.307058823529411,729.6600000000001
308,2019-11-28 11:16:07.800,2019-11-28 11:16:11.200,11.708333333333334,421.49999999999983
309,2019-11-28 11:16:18.800,2019-11-28 11:16:23.900,14.813090909090908,814.7199999999999
310,2019-11-28 11:16:31.800,2019-11-28 11:16:34.600,11.378387096774196,352.7300000000001
311,2019-11-28 11:16:42.400,2019-11-28 11:16:47.400,15.871818181818183,872.9499999999999
312,2019-11-28 11:17:12.800,2019-11-28 11:17:15.900,10.473714285714284,366.58000000000004
313,2019-11-28 11:17:23.700,2019-11-28 11:17:28.600,15.47423076923077,804.66
314,2019-11-28 11:17:36.100,2019-11-28 11:17:39.200,11.079411764705881,376.7000000000001
315,2019-11-28 11:17:47.100,2019-11-28 11:17:51.800,16.263846153846153,845.72
316,2019-11-28 11:18:17.500,2019-11-28 11:18:20.800,11.215714285714284,392.54999999999984
317,2019-11-28 11:18:28.300,2019-11-28 11:18:33.600,14.074333333333334,844.4599999999997
318,2019-11-28 11:18:40.900,2019-11-28 11:18:43.900,12.195151515151514,402.43999999999994
319,2019-11-28 11:18:51.500,2019-11-28 11:18:56.600,15.548181818181815,855.1500000000003
320,2019-11-28 11:19:22.200,2019-11-28 11:19:25.700,10.883783783783784,402.69999999999993
321,2019-11-28 11:19:32.800,2019-11-28 11:19:38.100,14.838392857142859,830.9499999999999
322,2019-11-28 11:19:45.600,2019-11-28 11:19:48.700,12.109444444444444,435.9399999999998
323,2019-11-28 11:19:56.300,2019-11-28 11:20:01.300,14.868545454545453,817.7699999999998
324,2019-11-28 11:26:56.000,2019-11-28 11:26:59.700,9.732857142857142,408.7799999999999
325,2019-11-28 11:27:07.100,2019-11-28 11:27:12.500,15.16,879.2799999999996
326,2019-11-28 11:27:19.700,2019-11-28 11:27:22.600,15.719696969696967,518.7499999999999
327,2019-11-28 11:27:30.700,2019-11-28 11:27:35.300,15.61686274509804,796.4599999999998
328,2019-11-28 11:28:01.000,2019-11-28 11:28:04.200,11.583243243243242,428.5799999999998
329,2019-11-28 11:28:12.000,2019-11-28 11:28:17.200,15.633888888888885,844.2299999999998
330,2019-11-28 11:28:24.700,2019-11-28 11:28:27.600,10.778529411764705,366.47
331,2019-11-28 11:28:35.600,2019-11-28 11:28:40.300,15.985961538461536,831.2699999999996
332,2019-11-28 11:29:08.500,2019-11-28 11:29:12.000,10.89609756097561,446.7399999999997
333,2019-11-28 11:29:19.800,2019-11-28 11:29:24.700,16.217272727272725,891.9499999999998
334,2019-11-28 11:29:32.500,2019-11-28 11:29:35.500,10.906944444444443,392.65
335,2019-11-28 11:29:43.200,2019-11-28 11:29:48.000,16.44173076923077,854.9700000000004
336,2019-11-28 11:30:11.100,2019-11-28 11:30:14.600,10.57075,422.82999999999987
337,2019-11-28 11:30:22.500,2019-11-28 11:30:27.100,14.052800000000001,702.6399999999999
338,2019-11-28 11:30:34.700,2019-11-28 11:30:37.800,12.584705882352942,427.88000000000005
339,2019-11-28 11:30:45.800,2019-11-28 11:30:50.600,14.11,705.4999999999995
340,2019-11-28 11:31:16.100,2019-11-28 11:31:19.600,10.219743589743594,398.57000000000016
341,2019-11-28 11:31:27.500,2019-11-28 11:31:32.100,13.914230769230766,723.5399999999995
342,2019-11-28 11:31:39.800,2019-11-28 11:31:42.800,11.520588235294117,391.7
343,2019-11-28 11:31:50.700,2019-11-28 11:31:55.500,14.757735849056601,782.16
344,2019-11-28 11:32:21.200,2019-11-28 11:32:24.700,11.941052631578946,453.76
345,2019-11-28 11:32:32.300,2019-11-28 11:32:37.500,14.31018181818182,787.0599999999998
346,2019-11-28 11:32:44.800,2019-11-28 11:32:48.000,11.344999999999999,408.4199999999999
347,2019-11-28 11:32:55.700,2019-11-28 11:33:00.500,16.178600000000003,808.9299999999998
348,2019-11-28 11:33:26.000,2019-11-28 11:33:29.500,10.614102564102565,413.94999999999993
349,2019-11-28 11:33:36.900,2019-11-28 11:33:42.000,14.05581818181818,773.07
350,2019-11-28 11:33:49.600,2019-11-28 11:33:52.700,12.436666666666664,447.71999999999986
351,2019-11-28 11:34:00.700,2019-11-28 11:34:05.400,15.581960784313727,794.68
352,2019-11-28 11:34:31.000,2019-11-28 11:34:34.700,10.57219512195122,433.45999999999987
353,2019-11-28 11:34:42.200,2019-11-28 11:34:47.100,15.423921568627453,786.6200000000006
354,2019-11-28 11:34:54.700,2019-11-28 11:34:57.700,12.058787878787879,397.9400000000001
355,2019-11-28 11:35:05.700,2019-11-28 11:35:10.400,14.704600000000003,735.23
356,2019-11-28 11:35:36.000,2019-11-28 11:35:39.500,10.678974358974356,416.4799999999998
357,2019-11-28 11:35:47.000,2019-11-28 11:35:52.000,14.127962962962963,762.9099999999996
358,2019-11-28 11:35:59.500,2019-11-28 11:36:02.500,13.050882352941176,443.72999999999996
359,2019-11-28 11:36:10.400,2019-11-28 11:36:15.100,15.348000000000003,767.4000000000002
360,2019-11-28 11:36:40.700,2019-11-28 11:36:43.900,12.509428571428572,437.83000000000015
361,2019-11-28 11:36:51.700,2019-11-28 11:36:56.600,15.00153846153846,780.0799999999999
362,2019-11-28 11:37:04.300,2019-11-28 11:37:07.400,12.161764705882355,413.5000000000001
363,2019-11-28 11:37:15.000,2019-11-28 11:37:20.000,14.919074074074073,805.6299999999998
364,2019-11-28 11:37:45.900,2019-11-28 11:37:49.000,11.615142857142859,406.5299999999999
365,2019-11-28 11:37:56.900,2019-11-28 11:38:01.700,14.07545454545454,774.1499999999997
366,2019-11-28 11:38:09.500,2019-11-28 11:38:12.500,11.95939393939394,394.6599999999998
367,2019-11-28 11:38:20.600,2019-11-28 11:38:25.100,14.716600000000001,735.8299999999999
368,2019-11-28 11:38:50.700,2019-11-28 11:38:53.800,9.855277777777777,354.78999999999985
369,2019-11-28 11:39:01.600,2019-11-28 11:39:06.600,16.690363636363635,917.9700000000005
370,2019-11-28 11:39:14.300,2019-11-28 11:39:17.500,11.595588235294118,394.2500000000002
371,2019-11-28 11:39:25.000,2019-11-28 11:39:29.900,15.283846153846154,794.7599999999996
372,2019-11-28 11:39:55.900,2019-11-28 11:39:59.100,10.499714285714285,367.49000000000007
